county,office,district,party,candidate,votes
Aurora,U.S. Senate,,REP,John R. Thune,280
Aurora,U.S. Senate,,REP,Bruce Whalen,84
Aurora,U.S. Senate,,REP,Mark Mowry,26
Beadle,U.S. Senate,,REP,John R. Thune,1402
Beadle,U.S. Senate,,REP,Bruce Whalen,232
Beadle,U.S. Senate,,REP,Mark Mowry,122
Bennett,U.S. Senate,,REP,John R. Thune,249
Bennett,U.S. Senate,,REP,Bruce Whalen,75
Bennett,U.S. Senate,,REP,Mark Mowry,21
Bon Homme,U.S. Senate,,REP,John R. Thune,730
Bon Homme,U.S. Senate,,REP,Bruce Whalen,171
Bon Homme,U.S. Senate,,REP,Mark Mowry,80
Brookings,U.S. Senate,,REP,John R. Thune,2569
Brookings,U.S. Senate,,REP,Bruce Whalen,742
Brookings,U.S. Senate,,REP,Mark Mowry,179
Brown,U.S. Senate,,REP,John R. Thune,3454
Brown,U.S. Senate,,REP,Bruce Whalen,823
Brown,U.S. Senate,,REP,Mark Mowry,232
Brule,U.S. Senate,,REP,John R. Thune,522
Brule,U.S. Senate,,REP,Bruce Whalen,144
Brule,U.S. Senate,,REP,Mark Mowry,83
Buffalo,U.S. Senate,,REP,John R. Thune,49
Buffalo,U.S. Senate,,REP,Bruce Whalen,14
Buffalo,U.S. Senate,,REP,Mark Mowry,4
Butte,U.S. Senate,,REP,John R. Thune,1152
Butte,U.S. Senate,,REP,Bruce Whalen,532
Butte,U.S. Senate,,REP,Mark Mowry,245
Campbell,U.S. Senate,,REP,John R. Thune,311
Campbell,U.S. Senate,,REP,Bruce Whalen,84
Campbell,U.S. Senate,,REP,Mark Mowry,23
Charles Mix,U.S. Senate,,REP,John R. Thune,698
Charles Mix,U.S. Senate,,REP,Bruce Whalen,270
Charles Mix,U.S. Senate,,REP,Mark Mowry,59
Clark,U.S. Senate,,REP,John R. Thune,426
Clark,U.S. Senate,,REP,Bruce Whalen,139
Clark,U.S. Senate,,REP,Mark Mowry,33
Clay,U.S. Senate,,REP,John R. Thune,860
Clay,U.S. Senate,,REP,Bruce Whalen,194
Clay,U.S. Senate,,REP,Mark Mowry,63
Codington,U.S. Senate,,REP,John R. Thune,2746
Codington,U.S. Senate,,REP,Bruce Whalen,679
Codington,U.S. Senate,,REP,Mark Mowry,192
Corson,U.S. Senate,,REP,John R. Thune,161
Corson,U.S. Senate,,REP,Bruce Whalen,77
Corson,U.S. Senate,,REP,Mark Mowry,38
Custer,U.S. Senate,,REP,John R. Thune,1406
Custer,U.S. Senate,,REP,Bruce Whalen,557
Custer,U.S. Senate,,REP,Mark Mowry,291
Davison,U.S. Senate,,REP,John R. Thune,2006
Davison,U.S. Senate,,REP,Bruce Whalen,458
Davison,U.S. Senate,,REP,Mark Mowry,155
Day,U.S. Senate,,REP,John R. Thune,537
Day,U.S. Senate,,REP,Bruce Whalen,119
Day,U.S. Senate,,REP,Mark Mowry,44
Deuel,U.S. Senate,,REP,John R. Thune,520
Deuel,U.S. Senate,,REP,Bruce Whalen,146
Deuel,U.S. Senate,,REP,Mark Mowry,44
Dewey,U.S. Senate,,REP,John R. Thune,187
Dewey,U.S. Senate,,REP,Bruce Whalen,59
Dewey,U.S. Senate,,REP,Mark Mowry,26
Douglas,U.S. Senate,,REP,John R. Thune,719
Douglas,U.S. Senate,,REP,Bruce Whalen,231
Douglas,U.S. Senate,,REP,Mark Mowry,68
Edmunds,U.S. Senate,,REP,John R. Thune,619
Edmunds,U.S. Senate,,REP,Bruce Whalen,132
Edmunds,U.S. Senate,,REP,Mark Mowry,62
Fall River,U.S. Senate,,REP,John R. Thune,1030
Fall River,U.S. Senate,,REP,Bruce Whalen,403
Fall River,U.S. Senate,,REP,Mark Mowry,127
Faulk,U.S. Senate,,REP,John R. Thune,355
Faulk,U.S. Senate,,REP,Bruce Whalen,112
Faulk,U.S. Senate,,REP,Mark Mowry,37
Grant,U.S. Senate,,REP,John R. Thune,865
Grant,U.S. Senate,,REP,Bruce Whalen,172
Grant,U.S. Senate,,REP,Mark Mowry,59
Gregory,U.S. Senate,,REP,John R. Thune,503
Gregory,U.S. Senate,,REP,Bruce Whalen,277
Gregory,U.S. Senate,,REP,Mark Mowry,70
Haakon,U.S. Senate,,REP,John R. Thune,426
Haakon,U.S. Senate,,REP,Bruce Whalen,195
Haakon,U.S. Senate,,REP,Mark Mowry,95
Hamlin,U.S. Senate,,REP,John R. Thune,839
Hamlin,U.S. Senate,,REP,Bruce Whalen,300
Hamlin,U.S. Senate,,REP,Mark Mowry,72
Hand,U.S. Senate,,REP,John R. Thune,690
Hand,U.S. Senate,,REP,Bruce Whalen,187
Hand,U.S. Senate,,REP,Mark Mowry,61
Hanson,U.S. Senate,,REP,John R. Thune,428
Hanson,U.S. Senate,,REP,Bruce Whalen,149
Hanson,U.S. Senate,,REP,Mark Mowry,53
Harding,U.S. Senate,,REP,John R. Thune,227
Harding,U.S. Senate,,REP,Bruce Whalen,119
Harding,U.S. Senate,,REP,Mark Mowry,57
Hughes,U.S. Senate,,REP,John R. Thune,3092
Hughes,U.S. Senate,,REP,Bruce Whalen,497
Hughes,U.S. Senate,,REP,Mark Mowry,227
Hutchinson,U.S. Senate,,REP,John R. Thune,1152
Hutchinson,U.S. Senate,,REP,Bruce Whalen,341
Hutchinson,U.S. Senate,,REP,Mark Mowry,109
Hyde,U.S. Senate,,REP,John R. Thune,253
Hyde,U.S. Senate,,REP,Bruce Whalen,41
Hyde,U.S. Senate,,REP,Mark Mowry,34
Jackson,U.S. Senate,,REP,John R. Thune,315
Jackson,U.S. Senate,,REP,Bruce Whalen,128
Jackson,U.S. Senate,,REP,Mark Mowry,82
Jerauld,U.S. Senate,,REP,John R. Thune,245
Jerauld,U.S. Senate,,REP,Bruce Whalen,53
Jerauld,U.S. Senate,,REP,Mark Mowry,18
Jones,U.S. Senate,,REP,John R. Thune,180
Jones,U.S. Senate,,REP,Bruce Whalen,60
Jones,U.S. Senate,,REP,Mark Mowry,68
Kingsbury,U.S. Senate,,REP,John R. Thune,980
Kingsbury,U.S. Senate,,REP,Bruce Whalen,206
Kingsbury,U.S. Senate,,REP,Mark Mowry,74
Lake,U.S. Senate,,REP,John R. Thune,1313
Lake,U.S. Senate,,REP,Bruce Whalen,245
Lake,U.S. Senate,,REP,Mark Mowry,134
Lawrence,U.S. Senate,,REP,John R. Thune,2904
Lawrence,U.S. Senate,,REP,Bruce Whalen,1058
Lawrence,U.S. Senate,,REP,Mark Mowry,482
Lincoln,U.S. Senate,,REP,John R. Thune,5907
Lincoln,U.S. Senate,,REP,Bruce Whalen,1577
Lincoln,U.S. Senate,,REP,Mark Mowry,515
Lyman,U.S. Senate,,REP,John R. Thune,427
Lyman,U.S. Senate,,REP,Bruce Whalen,83
Lyman,U.S. Senate,,REP,Mark Mowry,120
Marshall,U.S. Senate,,REP,John R. Thune,386
Marshall,U.S. Senate,,REP,Bruce Whalen,70
Marshall,U.S. Senate,,REP,Mark Mowry,35
McCook,U.S. Senate,,REP,John R. Thune,873
McCook,U.S. Senate,,REP,Bruce Whalen,195
McCook,U.S. Senate,,REP,Mark Mowry,105
McPherson,U.S. Senate,,REP,John R. Thune,473
McPherson,U.S. Senate,,REP,Bruce Whalen,146
McPherson,U.S. Senate,,REP,Mark Mowry,30
Meade,U.S. Senate,,REP,John R. Thune,3732
Meade,U.S. Senate,,REP,Bruce Whalen,1087
Meade,U.S. Senate,,REP,Mark Mowry,453
Mellette,U.S. Senate,,REP,John R. Thune,145
Mellette,U.S. Senate,,REP,Bruce Whalen,57
Mellette,U.S. Senate,,REP,Mark Mowry,42
Miner,U.S. Senate,,REP,John R. Thune,245
Miner,U.S. Senate,,REP,Bruce Whalen,46
Miner,U.S. Senate,,REP,Mark Mowry,14
Minnehaha,U.S. Senate,,REP,John R. Thune,13280
Minnehaha,U.S. Senate,,REP,Bruce Whalen,4014
Minnehaha,U.S. Senate,,REP,Mark Mowry,1259
Moody,U.S. Senate,,REP,John R. Thune,481
Moody,U.S. Senate,,REP,Bruce Whalen,191
Moody,U.S. Senate,,REP,Mark Mowry,47
Oglala Lakota,U.S. Senate,,REP,John R. Thune,49
Oglala Lakota,U.S. Senate,,REP,Bruce Whalen,36
Oglala Lakota,U.S. Senate,,REP,Mark Mowry,5
Pennington,U.S. Senate,,REP,John R. Thune,11903
Pennington,U.S. Senate,,REP,Bruce Whalen,3318
Pennington,U.S. Senate,,REP,Mark Mowry,1218
Perkins,U.S. Senate,,REP,John R. Thune,438
Perkins,U.S. Senate,,REP,Bruce Whalen,183
Perkins,U.S. Senate,,REP,Mark Mowry,82
Potter,U.S. Senate,,REP,John R. Thune,633
Potter,U.S. Senate,,REP,Bruce Whalen,126
Potter,U.S. Senate,,REP,Mark Mowry,41
Roberts,U.S. Senate,,REP,John R. Thune,624
Roberts,U.S. Senate,,REP,Bruce Whalen,134
Roberts,U.S. Senate,,REP,Mark Mowry,57
Sanborn,U.S. Senate,,REP,John R. Thune,292
Sanborn,U.S. Senate,,REP,Bruce Whalen,39
Sanborn,U.S. Senate,,REP,Mark Mowry,23
Spink,U.S. Senate,,REP,John R. Thune,984
Spink,U.S. Senate,,REP,Bruce Whalen,186
Spink,U.S. Senate,,REP,Mark Mowry,63
Stanley,U.S. Senate,,REP,John R. Thune,745
Stanley,U.S. Senate,,REP,Bruce Whalen,111
Stanley,U.S. Senate,,REP,Mark Mowry,81
Sully,U.S. Senate,,REP,John R. Thune,316
Sully,U.S. Senate,,REP,Bruce Whalen,76
Sully,U.S. Senate,,REP,Mark Mowry,58
Todd,U.S. Senate,,REP,John R. Thune,124
Todd,U.S. Senate,,REP,Bruce Whalen,73
Todd,U.S. Senate,,REP,Mark Mowry,12
Tripp,U.S. Senate,,REP,John R. Thune,606
Tripp,U.S. Senate,,REP,Bruce Whalen,392
Tripp,U.S. Senate,,REP,Mark Mowry,106
Turner,U.S. Senate,,REP,John R. Thune,1003
Turner,U.S. Senate,,REP,Bruce Whalen,313
Turner,U.S. Senate,,REP,Mark Mowry,108
Union,U.S. Senate,,REP,John R. Thune,1108
Union,U.S. Senate,,REP,Bruce Whalen,237
Union,U.S. Senate,,REP,Mark Mowry,126
Walworth,U.S. Senate,,REP,John R. Thune,882
Walworth,U.S. Senate,,REP,Bruce Whalen,253
Walworth,U.S. Senate,,REP,Mark Mowry,76
Yankton,U.S. Senate,,REP,John R. Thune,2459
Yankton,U.S. Senate,,REP,Bruce Whalen,586
Yankton,U.S. Senate,,REP,Mark Mowry,186
Ziebach,U.S. Senate,,REP,John R. Thune,98
Ziebach,U.S. Senate,,REP,Bruce Whalen,37
Ziebach,U.S. Senate,,REP,Mark Mowry,16
Aurora,U.S. House,1,REP,Dusty Johnson,223
Aurora,U.S. House,1,REP,Taffy Howard,166
Beadle,U.S. House,1,REP,Dusty Johnson,1160
Beadle,U.S. House,1,REP,Taffy Howard,600
Bennett,U.S. House,1,REP,Dusty Johnson,156
Bennett,U.S. House,1,REP,Taffy Howard,188
Bon Homme,U.S. House,1,REP,Dusty Johnson,592
Bon Homme,U.S. House,1,REP,Taffy Howard,396
Brookings,U.S. House,1,REP,Dusty Johnson,2274
Brookings,U.S. House,1,REP,Taffy Howard,1226
Brown,U.S. House,1,REP,Dusty Johnson,2924
Brown,U.S. House,1,REP,Taffy Howard,1624
Brule,U.S. House,1,REP,Dusty Johnson,429
Brule,U.S. House,1,REP,Taffy Howard,320
Buffalo,U.S. House,1,REP,Dusty Johnson,45
Buffalo,U.S. House,1,REP,Taffy Howard,23
Butte,U.S. House,1,REP,Dusty Johnson,928
Butte,U.S. House,1,REP,Taffy Howard,1025
Campbell,U.S. House,1,REP,Dusty Johnson,206
Campbell,U.S. House,1,REP,Taffy Howard,218
Charles Mix,U.S. House,1,REP,Dusty Johnson,556
Charles Mix,U.S. House,1,REP,Taffy Howard,473
Clark,U.S. House,1,REP,Dusty Johnson,378
Clark,U.S. House,1,REP,Taffy Howard,212
Clay,U.S. House,1,REP,Dusty Johnson,747
Clay,U.S. House,1,REP,Taffy Howard,379
Codington,U.S. House,1,REP,Dusty Johnson,2297
Codington,U.S. House,1,REP,Taffy Howard,1340
Corson,U.S. House,1,REP,Dusty Johnson,122
Corson,U.S. House,1,REP,Taffy Howard,153
Custer,U.S. House,1,REP,Dusty Johnson,1176
Custer,U.S. House,1,REP,Taffy Howard,1130
Davison,U.S. House,1,REP,Dusty Johnson,1720
Davison,U.S. House,1,REP,Taffy Howard,940
Day,U.S. House,1,REP,Dusty Johnson,440
Day,U.S. House,1,REP,Taffy Howard,262
Deuel,U.S. House,1,REP,Dusty Johnson,467
Deuel,U.S. House,1,REP,Taffy Howard,253
Dewey,U.S. House,1,REP,Dusty Johnson,152
Dewey,U.S. House,1,REP,Taffy Howard,126
Douglas,U.S. House,1,REP,Dusty Johnson,547
Douglas,U.S. House,1,REP,Taffy Howard,479
Edmunds,U.S. House,1,REP,Dusty Johnson,527
Edmunds,U.S. House,1,REP,Taffy Howard,287
Fall River,U.S. House,1,REP,Dusty Johnson,809
Fall River,U.S. House,1,REP,Taffy Howard,766
Faulk,U.S. House,1,REP,Dusty Johnson,295
Faulk,U.S. House,1,REP,Taffy Howard,210
Grant,U.S. House,1,REP,Dusty Johnson,641
Grant,U.S. House,1,REP,Taffy Howard,457
Gregory,U.S. House,1,REP,Dusty Johnson,438
Gregory,U.S. House,1,REP,Taffy Howard,420
Haakon,U.S. House,1,REP,Dusty Johnson,331
Haakon,U.S. House,1,REP,Taffy Howard,388
Hamlin,U.S. House,1,REP,Dusty Johnson,710
Hamlin,U.S. House,1,REP,Taffy Howard,516
Hand,U.S. House,1,REP,Dusty Johnson,559
Hand,U.S. House,1,REP,Taffy Howard,388
Hanson,U.S. House,1,REP,Dusty Johnson,359
Hanson,U.S. House,1,REP,Taffy Howard,271
Harding,U.S. House,1,REP,Dusty Johnson,146
Harding,U.S. House,1,REP,Taffy Howard,268
Hughes,U.S. House,1,REP,Dusty Johnson,2680
Hughes,U.S. House,1,REP,Taffy Howard,1176
Hutchinson,U.S. House,1,REP,Dusty Johnson,935
Hutchinson,U.S. House,1,REP,Taffy Howard,688
Hyde,U.S. House,1,REP,Dusty Johnson,217
Hyde,U.S. House,1,REP,Taffy Howard,116
Jackson,U.S. House,1,REP,Dusty Johnson,226
Jackson,U.S. House,1,REP,Taffy Howard,296
Jerauld,U.S. House,1,REP,Dusty Johnson,204
Jerauld,U.S. House,1,REP,Taffy Howard,111
Jones,U.S. House,1,REP,Dusty Johnson,160
Jones,U.S. House,1,REP,Taffy Howard,151
Kingsbury,U.S. House,1,REP,Dusty Johnson,837
Kingsbury,U.S. House,1,REP,Taffy Howard,433
Lake,U.S. House,1,REP,Dusty Johnson,1133
Lake,U.S. House,1,REP,Taffy Howard,581
Lawrence,U.S. House,1,REP,Dusty Johnson,2404
Lawrence,U.S. House,1,REP,Taffy Howard,2060
Lincoln,U.S. House,1,REP,Dusty Johnson,4923
Lincoln,U.S. House,1,REP,Taffy Howard,3117
Lyman,U.S. House,1,REP,Dusty Johnson,381
Lyman,U.S. House,1,REP,Taffy Howard,240
Marshall,U.S. House,1,REP,Dusty Johnson,348
Marshall,U.S. House,1,REP,Taffy Howard,142
McCook,U.S. House,1,REP,Dusty Johnson,710
McCook,U.S. House,1,REP,Taffy Howard,463
McPherson,U.S. House,1,REP,Dusty Johnson,376
McPherson,U.S. House,1,REP,Taffy Howard,275
Meade,U.S. House,1,REP,Dusty Johnson,2845
Meade,U.S. House,1,REP,Taffy Howard,2431
Mellette,U.S. House,1,REP,Dusty Johnson,114
Mellette,U.S. House,1,REP,Taffy Howard,128
Miner,U.S. House,1,REP,Dusty Johnson,203
Miner,U.S. House,1,REP,Taffy Howard,103
Minnehaha,U.S. House,1,REP,Dusty Johnson,11000
Minnehaha,U.S. House,1,REP,Taffy Howard,7673
Moody,U.S. House,1,REP,Dusty Johnson,415
Moody,U.S. House,1,REP,Taffy Howard,314
Oglala Lakota,U.S. House,1,REP,Dusty Johnson,43
Oglala Lakota,U.S. House,1,REP,Taffy Howard,46
Pennington,U.S. House,1,REP,Dusty Johnson,9838
Pennington,U.S. House,1,REP,Taffy Howard,6779
Perkins,U.S. House,1,REP,Dusty Johnson,329
Perkins,U.S. House,1,REP,Taffy Howard,383
Potter,U.S. House,1,REP,Dusty Johnson,522
Potter,U.S. House,1,REP,Taffy Howard,278
Roberts,U.S. House,1,REP,Dusty Johnson,509
Roberts,U.S. House,1,REP,Taffy Howard,303
Sanborn,U.S. House,1,REP,Dusty Johnson,244
Sanborn,U.S. House,1,REP,Taffy Howard,109
Spink,U.S. House,1,REP,Dusty Johnson,847
Spink,U.S. House,1,REP,Taffy Howard,393
Stanley,U.S. House,1,REP,Dusty Johnson,612
Stanley,U.S. House,1,REP,Taffy Howard,330
Sully,U.S. House,1,REP,Dusty Johnson,254
Sully,U.S. House,1,REP,Taffy Howard,199
Todd,U.S. House,1,REP,Dusty Johnson,112
Todd,U.S. House,1,REP,Taffy Howard,100
Tripp,U.S. House,1,REP,Dusty Johnson,483
Tripp,U.S. House,1,REP,Taffy Howard,626
Turner,U.S. House,1,REP,Dusty Johnson,792
Turner,U.S. House,1,REP,Taffy Howard,639
Union,U.S. House,1,REP,Dusty Johnson,837
Union,U.S. House,1,REP,Taffy Howard,652
Walworth,U.S. House,1,REP,Dusty Johnson,726
Walworth,U.S. House,1,REP,Taffy Howard,505
Yankton,U.S. House,1,REP,Dusty Johnson,2029
Yankton,U.S. House,1,REP,Taffy Howard,1236
Ziebach,U.S. House,1,REP,Dusty Johnson,86
Ziebach,U.S. House,1,REP,Taffy Howard,65
Aurora,Governor,,REP,Steven Haugaard,80
Aurora,Governor,,REP,Kristi Noem,315
Beadle,Governor,,REP,Steven Haugaard,369
Beadle,Governor,,REP,Kristi Noem,1403
Bennett,Governor,,REP,Steven Haugaard,41
Bennett,Governor,,REP,Kristi Noem,315
Bon Homme,Governor,,REP,Steven Haugaard,225
Bon Homme,Governor,,REP,Kristi Noem,783
Brookings,Governor,,REP,Steven Haugaard,906
Brookings,Governor,,REP,Kristi Noem,2579
Brown,Governor,,REP,Steven Haugaard,1046
Brown,Governor,,REP,Kristi Noem,3530
Brule,Governor,,REP,Steven Haugaard,159
Brule,Governor,,REP,Kristi Noem,595
Buffalo,Governor,,REP,Steven Haugaard,7
Buffalo,Governor,,REP,Kristi Noem,59
Butte,Governor,,REP,Steven Haugaard,397
Butte,Governor,,REP,Kristi Noem,1565
Campbell,Governor,,REP,Steven Haugaard,92
Campbell,Governor,,REP,Kristi Noem,345
Charles Mix,Governor,,REP,Steven Haugaard,172
Charles Mix,Governor,,REP,Kristi Noem,856
Clark,Governor,,REP,Steven Haugaard,103
Clark,Governor,,REP,Kristi Noem,499
Clay,Governor,,REP,Steven Haugaard,302
Clay,Governor,,REP,Kristi Noem,818
Codington,Governor,,REP,Steven Haugaard,673
Codington,Governor,,REP,Kristi Noem,2996
Corson,Governor,,REP,Steven Haugaard,33
Corson,Governor,,REP,Kristi Noem,244
Custer,Governor,,REP,Steven Haugaard,592
Custer,Governor,,REP,Kristi Noem,1741
Davison,Governor,,REP,Steven Haugaard,554
Davison,Governor,,REP,Kristi Noem,2098
Day,Governor,,REP,Steven Haugaard,125
Day,Governor,,REP,Kristi Noem,588
Deuel,Governor,,REP,Steven Haugaard,124
Deuel,Governor,,REP,Kristi Noem,597
Dewey,Governor,,REP,Steven Haugaard,42
Dewey,Governor,,REP,Kristi Noem,232
Douglas,Governor,,REP,Steven Haugaard,167
Douglas,Governor,,REP,Kristi Noem,876
Edmunds,Governor,,REP,Steven Haugaard,131
Edmunds,Governor,,REP,Kristi Noem,692
Fall River,Governor,,REP,Steven Haugaard,346
Fall River,Governor,,REP,Kristi Noem,1255
Faulk,Governor,,REP,Steven Haugaard,90
Faulk,Governor,,REP,Kristi Noem,417
Grant,Governor,,REP,Steven Haugaard,179
Grant,Governor,,REP,Kristi Noem,942
Gregory,Governor,,REP,Steven Haugaard,148
Gregory,Governor,,REP,Kristi Noem,711
Haakon,Governor,,REP,Steven Haugaard,123
Haakon,Governor,,REP,Kristi Noem,612
Hamlin,Governor,,REP,Steven Haugaard,207
Hamlin,Governor,,REP,Kristi Noem,1061
Hand,Governor,,REP,Steven Haugaard,192
Hand,Governor,,REP,Kristi Noem,762
Hanson,Governor,,REP,Steven Haugaard,128
Hanson,Governor,,REP,Kristi Noem,516
Harding,Governor,,REP,Steven Haugaard,65
Harding,Governor,,REP,Kristi Noem,355
Hughes,Governor,,REP,Steven Haugaard,985
Hughes,Governor,,REP,Kristi Noem,2795
Hutchinson,Governor,,REP,Steven Haugaard,313
Hutchinson,Governor,,REP,Kristi Noem,1318
Hyde,Governor,,REP,Steven Haugaard,50
Hyde,Governor,,REP,Kristi Noem,287
Jackson,Governor,,REP,Steven Haugaard,71
Jackson,Governor,,REP,Kristi Noem,469
Jerauld,Governor,,REP,Steven Haugaard,52
Jerauld,Governor,,REP,Kristi Noem,266
Jones,Governor,,REP,Steven Haugaard,76
Jones,Governor,,REP,Kristi Noem,238
Kingsbury,Governor,,REP,Steven Haugaard,295
Kingsbury,Governor,,REP,Kristi Noem,985
Lake,Governor,,REP,Steven Haugaard,430
Lake,Governor,,REP,Kristi Noem,1282
Lawrence,Governor,,REP,Steven Haugaard,1095
Lawrence,Governor,,REP,Kristi Noem,3404
Lincoln,Governor,,REP,Steven Haugaard,2018
Lincoln,Governor,,REP,Kristi Noem,5974
Lyman,Governor,,REP,Steven Haugaard,108
Lyman,Governor,,REP,Kristi Noem,524
Marshall,Governor,,REP,Steven Haugaard,78
Marshall,Governor,,REP,Kristi Noem,413
McCook,Governor,,REP,Steven Haugaard,286
McCook,Governor,,REP,Kristi Noem,908
McPherson,Governor,,REP,Steven Haugaard,149
McPherson,Governor,,REP,Kristi Noem,505
Meade,Governor,,REP,Steven Haugaard,1168
Meade,Governor,,REP,Kristi Noem,4191
Mellette,Governor,,REP,Steven Haugaard,48
Mellette,Governor,,REP,Kristi Noem,199
Miner,Governor,,REP,Steven Haugaard,55
Miner,Governor,,REP,Kristi Noem,260
Minnehaha,Governor,,REP,Steven Haugaard,5432
Minnehaha,Governor,,REP,Kristi Noem,13263
Moody,Governor,,REP,Steven Haugaard,195
Moody,Governor,,REP,Kristi Noem,537
Oglala Lakota,Governor,,REP,Steven Haugaard,39
Oglala Lakota,Governor,,REP,Kristi Noem,53
Pennington,Governor,,REP,Steven Haugaard,4438
Pennington,Governor,,REP,Kristi Noem,12224
Perkins,Governor,,REP,Steven Haugaard,150
Perkins,Governor,,REP,Kristi Noem,569
Potter,Governor,,REP,Steven Haugaard,128
Potter,Governor,,REP,Kristi Noem,692
Roberts,Governor,,REP,Steven Haugaard,106
Roberts,Governor,,REP,Kristi Noem,725
Sanborn,Governor,,REP,Steven Haugaard,82
Sanborn,Governor,,REP,Kristi Noem,276
Spink,Governor,,REP,Steven Haugaard,260
Spink,Governor,,REP,Kristi Noem,1003
Stanley,Governor,,REP,Steven Haugaard,200
Stanley,Governor,,REP,Kristi Noem,736
Sully,Governor,,REP,Steven Haugaard,113
Sully,Governor,,REP,Kristi Noem,338
Todd,Governor,,REP,Steven Haugaard,67
Todd,Governor,,REP,Kristi Noem,148
Tripp,Governor,,REP,Steven Haugaard,173
Tripp,Governor,,REP,Kristi Noem,935
Turner,Governor,,REP,Steven Haugaard,341
Turner,Governor,,REP,Kristi Noem,1098
Union,Governor,,REP,Steven Haugaard,246
Union,Governor,,REP,Kristi Noem,1264
Walworth,Governor,,REP,Steven Haugaard,234
Walworth,Governor,,REP,Kristi Noem,1014
Yankton,Governor,,REP,Steven Haugaard,983
Yankton,Governor,,REP,Kristi Noem,2293
Ziebach,Governor,,REP,Steven Haugaard,33
Ziebach,Governor,,REP,Kristi Noem,118
Brown,State Senate,1,REP,Michael H. Rohl,759
Brown,State Senate,1,REP,Joe Donnell,312
Day,State Senate,1,REP,Michael H. Rohl,483
Day,State Senate,1,REP,Joe Donnell,162
Marshall,State Senate,1,REP,Michael H. Rohl,343
Marshall,State Senate,1,REP,Joe Donnell,120
Roberts,State Senate,1,REP,Michael H. Rohl,316
Roberts,State Senate,1,REP,Joe Donnell,201
Minnehaha,State Senate,2,REP,Steve Kolbeck,1747
Minnehaha,State Senate,2,REP,Spencer Wrightsman,891
Brown,State Senate,3,REP,Al Novstrup,1794
Brown,State Senate,3,REP,Rachel Dix,1222
Codington,State Senate,5,REP,Lee Schoenbeck,1808
Codington,State Senate,5,REP,Colin Alan Paulsen,1270
Brookings,State Senate,7,REP,Tim Reed,1446
Brookings,State Senate,7,REP,Julie Erickson,957
Brookings,State Senate,8,REP,Heather DeVries,284
Brookings,State Senate,8,REP,Casey Crabtree,599
Kingsbury,State Senate,8,REP,Heather DeVries,196
Kingsbury,State Senate,8,REP,Casey Crabtree,953
Lake,State Senate,8,REP,Heather DeVries,319
Lake,State Senate,8,REP,Casey Crabtree,1337
Miner,State Senate,8,REP,Heather DeVries,33
Miner,State Senate,8,REP,Casey Crabtree,235
Minnehaha,State Senate,9,REP,Mark Willadsen,672
Minnehaha,State Senate,9,REP,Brent Hoffman,1351
Lincoln,State Senate,16,REP,Jim Bolin,1041
Lincoln,State Senate,16,REP,Nancy Rasmussen,564
Turner,State Senate,16,REP,Jim Bolin,382
Turner,State Senate,16,REP,Nancy Rasmussen,869
Union,State Senate,16,REP,Jim Bolin,308
Union,State Senate,16,REP,Nancy Rasmussen,182
Brown,State Senate,23,REP,Bryan J. Breitling,136
Brown,State Senate,23,REP,Spencer Gosch,120
Campbell,State Senate,23,REP,Bryan J. Breitling,149
Campbell,State Senate,23,REP,Spencer Gosch,283
Edmunds,State Senate,23,REP,Bryan J. Breitling,538
Edmunds,State Senate,23,REP,Spencer Gosch,256
Faulk,State Senate,23,REP,Bryan J. Breitling,273
Faulk,State Senate,23,REP,Spencer Gosch,210
Hand,State Senate,23,REP,Bryan J. Breitling,684
Hand,State Senate,23,REP,Spencer Gosch,254
McPherson,State Senate,23,REP,Bryan J. Breitling,307
McPherson,State Senate,23,REP,Spencer Gosch,334
Potter,State Senate,23,REP,Bryan J. Breitling,514
Potter,State Senate,23,REP,Spencer Gosch,272
Walworth,State Senate,23,REP,Bryan J. Breitling,418
Walworth,State Senate,23,REP,Spencer Gosch,823
Haakon,State Senate,24,REP,Mary Duvall,307
Haakon,State Senate,24,REP,Jim Mehlhaff,334
Hughes,State Senate,24,REP,Mary Duvall,1862
Hughes,State Senate,24,REP,Jim Mehlhaff,1966
Hyde,State Senate,24,REP,Mary Duvall,164
Hyde,State Senate,24,REP,Jim Mehlhaff,157
Stanley,State Senate,24,REP,Mary Duvall,475
Stanley,State Senate,24,REP,Jim Mehlhaff,457
Sully,State Senate,24,REP,Mary Duvall,195
Sully,State Senate,24,REP,Jim Mehlhaff,243
Minnehaha,State Senate,25,REP,Tom Pischke,1190
Minnehaha,State Senate,25,REP,Lisa Rave,497
Minnehaha,State Senate,25,REP,Kevin R. Crisp,361
Minnehaha,State Senate,25,REP,"Leslie ""Doc"" Heinemann",352
Moody,State Senate,25,REP,Tom Pischke,206
Moody,State Senate,25,REP,Lisa Rave,94
Moody,State Senate,25,REP,Kevin R. Crisp,78
Moody,State Senate,25,REP,"Leslie ""Doc"" Heinemann",320
Meade,State Senate,29,REP,Dean Wink,2112
Meade,State Senate,29,REP,Beka Zerbst,505
Meade,State Senate,29,REP,John Carley,1552
Custer,State Senate,30,REP,Julie Frye-Mueller,1164
Custer,State Senate,30,REP,Timothy R. Goodwin,1051
Fall River,State Senate,30,REP,Julie Frye-Mueller,850
Fall River,State Senate,30,REP,Timothy R. Goodwin,693
Pennington,State Senate,30,REP,Julie Frye-Mueller,835
Pennington,State Senate,30,REP,Timothy R. Goodwin,1059
Lawrence,State Senate,31,REP,Randy Deibert,2518
Lawrence,State Senate,31,REP,Ron Moeller,1536
Meade,State Senate,33,REP,David Johnson,449
Meade,State Senate,33,REP,Janet Jensen,339
Pennington,State Senate,33,REP,David Johnson,2258
Pennington,State Senate,33,REP,Janet Jensen,1718
Minnehaha,State House,2,REP,Jake Schoenbeck,1100
Minnehaha,State House,2,REP,John Sjaarda,1571
Minnehaha,State House,2,REP,David Kull,1180
Minnehaha,State House,2,REP,Jeffrey Lloyd Shawd,730
Brown,State House,3,REP,Kaleb W Weis,1118
Brown,State House,3,REP,Brandei Schaefbauer,1327
Brown,State House,3,REP,Richard Rylance,1264
Brown,State House,3,REP,Carl E. Perry,1606
Clark,State House,4,REP,Val Rausch,110
Clark,State House,4,REP,Adam Grimm,155
Clark,State House,4,REP,Fred Deutsch,237
Clark,State House,4,REP,Stephanie Sauder,330
Codington,State House,4,REP,Val Rausch,153
Codington,State House,4,REP,Adam Grimm,186
Codington,State House,4,REP,Fred Deutsch,307
Codington,State House,4,REP,Stephanie Sauder,199
Deuel,State House,4,REP,Val Rausch,266
Deuel,State House,4,REP,Adam Grimm,156
Deuel,State House,4,REP,Fred Deutsch,441
Deuel,State House,4,REP,Stephanie Sauder,332
Grant,State House,4,REP,Val Rausch,750
Grant,State House,4,REP,Adam Grimm,254
Grant,State House,4,REP,Fred Deutsch,548
Grant,State House,4,REP,Stephanie Sauder,379
Hamlin,State House,4,REP,Val Rausch,261
Hamlin,State House,4,REP,Adam Grimm,249
Hamlin,State House,4,REP,Fred Deutsch,501
Hamlin,State House,4,REP,Stephanie Sauder,894
Roberts,State House,4,REP,Val Rausch,137
Roberts,State House,4,REP,Adam Grimm,56
Roberts,State House,4,REP,Fred Deutsch,136
Roberts,State House,4,REP,Stephanie Sauder,95
Brookings,State House,7,REP,Matt Doyle,363
Brookings,State House,7,REP,Mellissa Heermann,1280
Brookings,State House,7,REP,Doug Post,1184
Brookings,State House,7,REP,Roger DeGroot,1245
Brookings,State House,8,REP,Lecia Summerer,185
Brookings,State House,8,REP,John Mills,738
Brookings,State House,8,REP,Tim Reisch,647
Kingsbury,State House,8,REP,Lecia Summerer,175
Kingsbury,State House,8,REP,John Mills,514
Kingsbury,State House,8,REP,Tim Reisch,913
Lake,State House,8,REP,Lecia Summerer,626
Lake,State House,8,REP,John Mills,552
Lake,State House,8,REP,Tim Reisch,1354
Miner,State House,8,REP,Lecia Summerer,33
Miner,State House,8,REP,John Mills,74
Miner,State House,8,REP,Tim Reisch,274
Minnehaha,State House,9,REP,Kenneth Teunissen,1039
Minnehaha,State House,9,REP,Bethany Soye,1268
Minnehaha,State House,9,REP,Jesse Fonkert,970
Minnehaha,State House,11,DEM,Stephanie Lynn Marty,670
Minnehaha,State House,11,DEM,Margaret Kuipers,766
Minnehaha,State House,11,DEM,Kim Parke,741
Minnehaha,State House,11,REP,Brian K. Mulder,1230
Minnehaha,State House,11,REP,Chris Karr,1334
Minnehaha,State House,11,REP,Tyler Bonynge,181
Minnehaha,State House,11,REP,Roger,1006
Lincoln,State House,12,REP,Greg Jamison,562
Lincoln,State House,12,REP,Amber Arlint,587
Lincoln,State House,12,REP,Kerry Loudenslager,463
Lincoln,State House,12,REP,Gary Schuster,251
Lincoln,State House,12,REP,Cole Heisey,347
Minnehaha,State House,12,REP,Greg Jamison,635
Minnehaha,State House,12,REP,Amber Arlint,352
Minnehaha,State House,12,REP,Kerry Loudenslager,465
Minnehaha,State House,12,REP,Gary Schuster,241
Minnehaha,State House,12,REP,Cole Heisey,374
Lincoln,State House,13,REP,Sue Peterson,1458
Lincoln,State House,13,REP,Tony Venhuizen,1777
Lincoln,State House,13,REP,Penny BayBridge,419
Lincoln,State House,13,REP,Richard L. Thomason,914
Minnehaha,State House,13,REP,Sue Peterson,453
Minnehaha,State House,13,REP,Tony Venhuizen,449
Minnehaha,State House,13,REP,Penny BayBridge,157
Minnehaha,State House,13,REP,Richard L. Thomason,362
Minnehaha,State House,14,REP,Taylor Rae Rehfeldt,2125
Minnehaha,State House,14,REP,Tyler Tordsen,1469
Minnehaha,State House,14,REP,Gina M Schiferl,931
Lincoln,State House,16,REP,Kevin D. Jensen,890
Lincoln,State House,16,REP,Karla J. Lems,1048
Lincoln,State House,16,REP,Richard Vasgaard,599
Turner,State House,16,REP,Kevin D. Jensen,570
Turner,State House,16,REP,Karla J. Lems,559
Turner,State House,16,REP,Richard Vasgaard,782
Union,State House,16,REP,Kevin D. Jensen,273
Union,State House,16,REP,Karla J. Lems,241
Union,State House,16,REP,Richard Vasgaard,235
Bon Homme,State House,19,REP,Caleb Finck,562
Bon Homme,State House,19,REP,Michael Boyle,400
Bon Homme,State House,19,REP,Jessica Bahmuller,372
Bon Homme,State House,19,REP,Roger Hofer,48
Bon Homme,State House,19,REP,Drew Peterson,307
Hanson,State House,19,REP,Caleb Finck,108
Hanson,State House,19,REP,Michael Boyle,196
Hanson,State House,19,REP,Jessica Bahmuller,460
Hanson,State House,19,REP,Roger Hofer,45
Hanson,State House,19,REP,Drew Peterson,157
Hutchinson,State House,19,REP,Caleb Finck,669
Hutchinson,State House,19,REP,Michael Boyle,570
Hutchinson,State House,19,REP,Jessica Bahmuller,781
Hutchinson,State House,19,REP,Roger Hofer,169
Hutchinson,State House,19,REP,Drew Peterson,546
McCook,State House,19,REP,Caleb Finck,146
McCook,State House,19,REP,Michael Boyle,282
McCook,State House,19,REP,Jessica Bahmuller,583
McCook,State House,19,REP,Roger Hofer,232
McCook,State House,19,REP,Drew Peterson,612
Turner,State House,19,REP,Caleb Finck,27
Turner,State House,19,REP,Michael Boyle,17
Turner,State House,19,REP,Jessica Bahmuller,33
Turner,State House,19,REP,Roger Hofer,19
Turner,State House,19,REP,Drew Peterson,38
Davison,State House,20,REP,Ben Krohmer,1520
Davison,State House,20,REP,Jeff Bathke,1414
Davison,State House,20,REP,Lance Koth,1453
Jerauld,State House,20,REP,Ben Krohmer,165
Jerauld,State House,20,REP,Jeff Bathke,107
Jerauld,State House,20,REP,Lance Koth,195
Miner,State House,20,REP,Ben Krohmer,14
Miner,State House,20,REP,Jeff Bathke,10
Miner,State House,20,REP,Lance Koth,6
Sanborn,State House,20,REP,Ben Krohmer,183
Sanborn,State House,20,REP,Jeff Bathke,168
Sanborn,State House,20,REP,Lance Koth,165
Brown,State House,23,REP,Scott Moore,118
Brown,State House,23,REP,Brandon Black,91
Brown,State House,23,REP,Gregory Brooks,103
Brown,State House,23,REP,James D. Wangsness,78
Campbell,State House,23,REP,Scott Moore,247
Campbell,State House,23,REP,Brandon Black,31
Campbell,State House,23,REP,Gregory Brooks,99
Campbell,State House,23,REP,James D. Wangsness,223
Edmunds,State House,23,REP,Scott Moore,567
Edmunds,State House,23,REP,Brandon Black,113
Edmunds,State House,23,REP,Gregory Brooks,197
Edmunds,State House,23,REP,James D. Wangsness,346
Faulk,State House,23,REP,Scott Moore,323
Faulk,State House,23,REP,Brandon Black,52
Faulk,State House,23,REP,Gregory Brooks,79
Faulk,State House,23,REP,James D. Wangsness,279
Hand,State House,23,REP,Scott Moore,581
Hand,State House,23,REP,Brandon Black,136
Hand,State House,23,REP,Gregory Brooks,143
Hand,State House,23,REP,James D. Wangsness,607
McPherson,State House,23,REP,Scott Moore,498
McPherson,State House,23,REP,Brandon Black,47
McPherson,State House,23,REP,Gregory Brooks,165
McPherson,State House,23,REP,James D. Wangsness,328
Potter,State House,23,REP,Scott Moore,433
Potter,State House,23,REP,Brandon Black,66
Potter,State House,23,REP,Gregory Brooks,119
Potter,State House,23,REP,James D. Wangsness,401
Walworth,State House,23,REP,Scott Moore,654
Walworth,State House,23,REP,Brandon Black,124
Walworth,State House,23,REP,Gregory Brooks,343
Walworth,State House,23,REP,James D. Wangsness,605
Haakon,State House,24,REP,Mike Weisgram,189
Haakon,State House,24,REP,Jim Sheehan,206
Haakon,State House,24,REP,Will D. Mortenson,362
Haakon,State House,24,REP,Mary Weinheimer,363
Hughes,State House,24,REP,Mike Weisgram,2395
Hughes,State House,24,REP,Jim Sheehan,598
Hughes,State House,24,REP,Will D. Mortenson,2508
Hughes,State House,24,REP,Mary Weinheimer,1624
Hyde,State House,24,REP,Mike Weisgram,120
Hyde,State House,24,REP,Jim Sheehan,91
Hyde,State House,24,REP,Will D. Mortenson,184
Hyde,State House,24,REP,Mary Weinheimer,145
Stanley,State House,24,REP,Mike Weisgram,536
Stanley,State House,24,REP,Jim Sheehan,160
Stanley,State House,24,REP,Will D. Mortenson,590
Stanley,State House,24,REP,Mary Weinheimer,394
Sully,State House,24,REP,Mike Weisgram,180
Sully,State House,24,REP,Jim Sheehan,112
Sully,State House,24,REP,Will D. Mortenson,236
Sully,State House,24,REP,Mary Weinheimer,261
Jones,State House,26A,DEM,Alexandra Frederick,6
Jones,State House,26A,DEM,Eric Emery,2
Mellette,State House,26A,DEM,Alexandra Frederick,47
Mellette,State House,26A,DEM,Eric Emery,40
Todd,State House,26A,DEM,Alexandra Frederick,218
Todd,State House,26A,DEM,Eric Emery,301
Jones,State House,26A,REP,Ron Frederick,39
Jones,State House,26A,REP,Joyce Glynn,33
Mellette,State House,26A,REP,Ron Frederick,88
Mellette,State House,26A,REP,Joyce Glynn,150
Todd,State House,26A,REP,Ron Frederick,96
Todd,State House,26A,REP,Joyce Glynn,94
Butte,State House,28B,REP,Neal Pinnow,949
Butte,State House,28B,REP,Thomas J. Brunner,888
Harding,State House,28B,REP,Neal Pinnow,243
Harding,State House,28B,REP,Thomas J. Brunner,140
Perkins,State House,28B,REP,Neal Pinnow,260
Perkins,State House,28B,REP,Thomas J. Brunner,92
Meade,State House,29,REP,Kirk Chaffee,2354
Meade,State House,29,REP,Kathy Rice,2075
Meade,State House,29,REP,Gary L Cammack,2104
Custer,State House,30,REP,Patrick J. Baumann,946
Custer,State House,30,REP,Dennis Krull,1057
Custer,State House,30,REP,Lisa Gennaro,511
Custer,State House,30,REP,Gerold F Herrick,241
Custer,State House,30,REP,Trish Ladner,752
Fall River,State House,30,REP,Patrick J. Baumann,541
Fall River,State House,30,REP,Dennis Krull,388
Fall River,State House,30,REP,Lisa Gennaro,311
Fall River,State House,30,REP,Gerold F Herrick,297
Fall River,State House,30,REP,Trish Ladner,831
Pennington,State House,30,REP,Patrick J. Baumann,553
Pennington,State House,30,REP,Dennis Krull,1091
Pennington,State House,30,REP,Lisa Gennaro,487
Pennington,State House,30,REP,Gerold F Herrick,122
Pennington,State House,30,REP,Trish Ladner,550
Lawrence,State House,31,REP,Mistie Caldwell,1685
Lawrence,State House,31,REP,Scott Odenbach,2822
Lawrence,State House,31,REP,Mary J. Fitzgerald,2544
Pennington,State House,32,REP,Becky J. Drury,1235
Pennington,State House,32,REP,Jamie M. Giedd,635
Pennington,State House,32,REP,Steve Duffy,1167
Meade,State House,33,REP,Curt Massie,312
Meade,State House,33,REP,Phil Jensen,416
Meade,State House,33,REP,Janette McIntyre,243
Meade,State House,33,REP,Dean Aurand,273
Pennington,State House,33,REP,Curt Massie,1573
Pennington,State House,33,REP,Phil Jensen,1884
Pennington,State House,33,REP,Janette McIntyre,1347
Pennington,State House,33,REP,Dean Aurand,1521
Pennington,State House,34,REP,Mike Derby,2833
Pennington,State House,34,REP,Jess Olson,2298
Pennington,State House,34,REP,Jodie Frye,1788
Pennington,State House,35,REP,Tony Randolph,1320
Pennington,State House,35,REP,Elizabeth Regalado,785
Pennington,State House,35,REP,Larry G. Larson,859
Pennington,State House,35,REP,Tina L Mulally,1281
Aurora,Constitutional Amendment C: A Constitutional Amendment Requiring Three-Fifths Vote for Approval of Ballot Measures Imposing Taxes or Fees or Obligating over $10 Million,,,Yes,249
Aurora,Constitutional Amendment C: A Constitutional Amendment Requiring Three-Fifths Vote for Approval of Ballot Measures Imposing Taxes or Fees or Obligating over $10 Million,,,No,365
Beadle,Constitutional Amendment C: A Constitutional Amendment Requiring Three-Fifths Vote for Approval of Ballot Measures Imposing Taxes or Fees or Obligating over $10 Million,,,Yes,853
Beadle,Constitutional Amendment C: A Constitutional Amendment Requiring Three-Fifths Vote for Approval of Ballot Measures Imposing Taxes or Fees or Obligating over $10 Million,,,No,2023
Bennett,Constitutional Amendment C: A Constitutional Amendment Requiring Three-Fifths Vote for Approval of Ballot Measures Imposing Taxes or Fees or Obligating over $10 Million,,,Yes,169
Bennett,Constitutional Amendment C: A Constitutional Amendment Requiring Three-Fifths Vote for Approval of Ballot Measures Imposing Taxes or Fees or Obligating over $10 Million,,,No,296
Bon Homme,Constitutional Amendment C: A Constitutional Amendment Requiring Three-Fifths Vote for Approval of Ballot Measures Imposing Taxes or Fees or Obligating over $10 Million,,,Yes,419
Bon Homme,Constitutional Amendment C: A Constitutional Amendment Requiring Three-Fifths Vote for Approval of Ballot Measures Imposing Taxes or Fees or Obligating over $10 Million,,,No,928
Brookings,Constitutional Amendment C: A Constitutional Amendment Requiring Three-Fifths Vote for Approval of Ballot Measures Imposing Taxes or Fees or Obligating over $10 Million,,,Yes,1997
Brookings,Constitutional Amendment C: A Constitutional Amendment Requiring Three-Fifths Vote for Approval of Ballot Measures Imposing Taxes or Fees or Obligating over $10 Million,,,No,4222
Brown,Constitutional Amendment C: A Constitutional Amendment Requiring Three-Fifths Vote for Approval of Ballot Measures Imposing Taxes or Fees or Obligating over $10 Million,,,Yes,2375
Brown,Constitutional Amendment C: A Constitutional Amendment Requiring Three-Fifths Vote for Approval of Ballot Measures Imposing Taxes or Fees or Obligating over $10 Million,,,No,5170
Brule,Constitutional Amendment C: A Constitutional Amendment Requiring Three-Fifths Vote for Approval of Ballot Measures Imposing Taxes or Fees or Obligating over $10 Million,,,Yes,416
Brule,Constitutional Amendment C: A Constitutional Amendment Requiring Three-Fifths Vote for Approval of Ballot Measures Imposing Taxes or Fees or Obligating over $10 Million,,,No,854
Buffalo,Constitutional Amendment C: A Constitutional Amendment Requiring Three-Fifths Vote for Approval of Ballot Measures Imposing Taxes or Fees or Obligating over $10 Million,,,Yes,55
Buffalo,Constitutional Amendment C: A Constitutional Amendment Requiring Three-Fifths Vote for Approval of Ballot Measures Imposing Taxes or Fees or Obligating over $10 Million,,,No,115
Butte,Constitutional Amendment C: A Constitutional Amendment Requiring Three-Fifths Vote for Approval of Ballot Measures Imposing Taxes or Fees or Obligating over $10 Million,,,Yes,818
Butte,Constitutional Amendment C: A Constitutional Amendment Requiring Three-Fifths Vote for Approval of Ballot Measures Imposing Taxes or Fees or Obligating over $10 Million,,,No,1666
Campbell,Constitutional Amendment C: A Constitutional Amendment Requiring Three-Fifths Vote for Approval of Ballot Measures Imposing Taxes or Fees or Obligating over $10 Million,,,Yes,176
Campbell,Constitutional Amendment C: A Constitutional Amendment Requiring Three-Fifths Vote for Approval of Ballot Measures Imposing Taxes or Fees or Obligating over $10 Million,,,No,298
Charles Mix,Constitutional Amendment C: A Constitutional Amendment Requiring Three-Fifths Vote for Approval of Ballot Measures Imposing Taxes or Fees or Obligating over $10 Million,,,Yes,665
Charles Mix,Constitutional Amendment C: A Constitutional Amendment Requiring Three-Fifths Vote for Approval of Ballot Measures Imposing Taxes or Fees or Obligating over $10 Million,,,No,837
Clark,Constitutional Amendment C: A Constitutional Amendment Requiring Three-Fifths Vote for Approval of Ballot Measures Imposing Taxes or Fees or Obligating over $10 Million,,,Yes,231
Clark,Constitutional Amendment C: A Constitutional Amendment Requiring Three-Fifths Vote for Approval of Ballot Measures Imposing Taxes or Fees or Obligating over $10 Million,,,No,571
Clay,Constitutional Amendment C: A Constitutional Amendment Requiring Three-Fifths Vote for Approval of Ballot Measures Imposing Taxes or Fees or Obligating over $10 Million,,,Yes,688
Clay,Constitutional Amendment C: A Constitutional Amendment Requiring Three-Fifths Vote for Approval of Ballot Measures Imposing Taxes or Fees or Obligating over $10 Million,,,No,2265
Codington,Constitutional Amendment C: A Constitutional Amendment Requiring Three-Fifths Vote for Approval of Ballot Measures Imposing Taxes or Fees or Obligating over $10 Million,,,Yes,1698
Codington,Constitutional Amendment C: A Constitutional Amendment Requiring Three-Fifths Vote for Approval of Ballot Measures Imposing Taxes or Fees or Obligating over $10 Million,,,No,3468
Corson,Constitutional Amendment C: A Constitutional Amendment Requiring Three-Fifths Vote for Approval of Ballot Measures Imposing Taxes or Fees or Obligating over $10 Million,,,Yes,169
Corson,Constitutional Amendment C: A Constitutional Amendment Requiring Three-Fifths Vote for Approval of Ballot Measures Imposing Taxes or Fees or Obligating over $10 Million,,,No,292
Custer,Constitutional Amendment C: A Constitutional Amendment Requiring Three-Fifths Vote for Approval of Ballot Measures Imposing Taxes or Fees or Obligating over $10 Million,,,Yes,1124
Custer,Constitutional Amendment C: A Constitutional Amendment Requiring Three-Fifths Vote for Approval of Ballot Measures Imposing Taxes or Fees or Obligating over $10 Million,,,No,1976
Davison,Constitutional Amendment C: A Constitutional Amendment Requiring Three-Fifths Vote for Approval of Ballot Measures Imposing Taxes or Fees or Obligating over $10 Million,,,Yes,1311
Davison,Constitutional Amendment C: A Constitutional Amendment Requiring Three-Fifths Vote for Approval of Ballot Measures Imposing Taxes or Fees or Obligating over $10 Million,,,No,2752
Day,Constitutional Amendment C: A Constitutional Amendment Requiring Three-Fifths Vote for Approval of Ballot Measures Imposing Taxes or Fees or Obligating over $10 Million,,,Yes,277
Day,Constitutional Amendment C: A Constitutional Amendment Requiring Three-Fifths Vote for Approval of Ballot Measures Imposing Taxes or Fees or Obligating over $10 Million,,,No,938
Deuel,Constitutional Amendment C: A Constitutional Amendment Requiring Three-Fifths Vote for Approval of Ballot Measures Imposing Taxes or Fees or Obligating over $10 Million,,,Yes,407
Deuel,Constitutional Amendment C: A Constitutional Amendment Requiring Three-Fifths Vote for Approval of Ballot Measures Imposing Taxes or Fees or Obligating over $10 Million,,,No,580
Dewey,Constitutional Amendment C: A Constitutional Amendment Requiring Three-Fifths Vote for Approval of Ballot Measures Imposing Taxes or Fees or Obligating over $10 Million,,,Yes,206
Dewey,Constitutional Amendment C: A Constitutional Amendment Requiring Three-Fifths Vote for Approval of Ballot Measures Imposing Taxes or Fees or Obligating over $10 Million,,,No,497
Douglas,Constitutional Amendment C: A Constitutional Amendment Requiring Three-Fifths Vote for Approval of Ballot Measures Imposing Taxes or Fees or Obligating over $10 Million,,,Yes,600
Douglas,Constitutional Amendment C: A Constitutional Amendment Requiring Three-Fifths Vote for Approval of Ballot Measures Imposing Taxes or Fees or Obligating over $10 Million,,,No,542
Edmunds,Constitutional Amendment C: A Constitutional Amendment Requiring Three-Fifths Vote for Approval of Ballot Measures Imposing Taxes or Fees or Obligating over $10 Million,,,Yes,375
Edmunds,Constitutional Amendment C: A Constitutional Amendment Requiring Three-Fifths Vote for Approval of Ballot Measures Imposing Taxes or Fees or Obligating over $10 Million,,,No,687
Fall River,Constitutional Amendment C: A Constitutional Amendment Requiring Three-Fifths Vote for Approval of Ballot Measures Imposing Taxes or Fees or Obligating over $10 Million,,,Yes,829
Fall River,Constitutional Amendment C: A Constitutional Amendment Requiring Three-Fifths Vote for Approval of Ballot Measures Imposing Taxes or Fees or Obligating over $10 Million,,,No,1255
Faulk,Constitutional Amendment C: A Constitutional Amendment Requiring Three-Fifths Vote for Approval of Ballot Measures Imposing Taxes or Fees or Obligating over $10 Million,,,Yes,207
Faulk,Constitutional Amendment C: A Constitutional Amendment Requiring Three-Fifths Vote for Approval of Ballot Measures Imposing Taxes or Fees or Obligating over $10 Million,,,No,387
Grant,Constitutional Amendment C: A Constitutional Amendment Requiring Three-Fifths Vote for Approval of Ballot Measures Imposing Taxes or Fees or Obligating over $10 Million,,,Yes,652
Grant,Constitutional Amendment C: A Constitutional Amendment Requiring Three-Fifths Vote for Approval of Ballot Measures Imposing Taxes or Fees or Obligating over $10 Million,,,No,955
Gregory,Constitutional Amendment C: A Constitutional Amendment Requiring Three-Fifths Vote for Approval of Ballot Measures Imposing Taxes or Fees or Obligating over $10 Million,,,Yes,323
Gregory,Constitutional Amendment C: A Constitutional Amendment Requiring Three-Fifths Vote for Approval of Ballot Measures Imposing Taxes or Fees or Obligating over $10 Million,,,No,804
Haakon,Constitutional Amendment C: A Constitutional Amendment Requiring Three-Fifths Vote for Approval of Ballot Measures Imposing Taxes or Fees or Obligating over $10 Million,,,Yes,248
Haakon,Constitutional Amendment C: A Constitutional Amendment Requiring Three-Fifths Vote for Approval of Ballot Measures Imposing Taxes or Fees or Obligating over $10 Million,,,No,538
Hamlin,Constitutional Amendment C: A Constitutional Amendment Requiring Three-Fifths Vote for Approval of Ballot Measures Imposing Taxes or Fees or Obligating over $10 Million,,,Yes,591
Hamlin,Constitutional Amendment C: A Constitutional Amendment Requiring Three-Fifths Vote for Approval of Ballot Measures Imposing Taxes or Fees or Obligating over $10 Million,,,No,918
Hand,Constitutional Amendment C: A Constitutional Amendment Requiring Three-Fifths Vote for Approval of Ballot Measures Imposing Taxes or Fees or Obligating over $10 Million,,,Yes,394
Hand,Constitutional Amendment C: A Constitutional Amendment Requiring Three-Fifths Vote for Approval of Ballot Measures Imposing Taxes or Fees or Obligating over $10 Million,,,No,750
Hanson,Constitutional Amendment C: A Constitutional Amendment Requiring Three-Fifths Vote for Approval of Ballot Measures Imposing Taxes or Fees or Obligating over $10 Million,,,Yes,307
Hanson,Constitutional Amendment C: A Constitutional Amendment Requiring Three-Fifths Vote for Approval of Ballot Measures Imposing Taxes or Fees or Obligating over $10 Million,,,No,550
Harding,Constitutional Amendment C: A Constitutional Amendment Requiring Three-Fifths Vote for Approval of Ballot Measures Imposing Taxes or Fees or Obligating over $10 Million,,,Yes,203
Harding,Constitutional Amendment C: A Constitutional Amendment Requiring Three-Fifths Vote for Approval of Ballot Measures Imposing Taxes or Fees or Obligating over $10 Million,,,No,263
Hughes,Constitutional Amendment C: A Constitutional Amendment Requiring Three-Fifths Vote for Approval of Ballot Measures Imposing Taxes or Fees or Obligating over $10 Million,,,Yes,1379
Hughes,Constitutional Amendment C: A Constitutional Amendment Requiring Three-Fifths Vote for Approval of Ballot Measures Imposing Taxes or Fees or Obligating over $10 Million,,,No,3698
Hutchinson,Constitutional Amendment C: A Constitutional Amendment Requiring Three-Fifths Vote for Approval of Ballot Measures Imposing Taxes or Fees or Obligating over $10 Million,,,Yes,749
Hutchinson,Constitutional Amendment C: A Constitutional Amendment Requiring Three-Fifths Vote for Approval of Ballot Measures Imposing Taxes or Fees or Obligating over $10 Million,,,No,1256
Hyde,Constitutional Amendment C: A Constitutional Amendment Requiring Three-Fifths Vote for Approval of Ballot Measures Imposing Taxes or Fees or Obligating over $10 Million,,,Yes,113
Hyde,Constitutional Amendment C: A Constitutional Amendment Requiring Three-Fifths Vote for Approval of Ballot Measures Imposing Taxes or Fees or Obligating over $10 Million,,,No,283
Jackson,Constitutional Amendment C: A Constitutional Amendment Requiring Three-Fifths Vote for Approval of Ballot Measures Imposing Taxes or Fees or Obligating over $10 Million,,,Yes,211
Jackson,Constitutional Amendment C: A Constitutional Amendment Requiring Three-Fifths Vote for Approval of Ballot Measures Imposing Taxes or Fees or Obligating over $10 Million,,,No,418
Jerauld,Constitutional Amendment C: A Constitutional Amendment Requiring Three-Fifths Vote for Approval of Ballot Measures Imposing Taxes or Fees or Obligating over $10 Million,,,Yes,119
Jerauld,Constitutional Amendment C: A Constitutional Amendment Requiring Three-Fifths Vote for Approval of Ballot Measures Imposing Taxes or Fees or Obligating over $10 Million,,,No,347
Jones,Constitutional Amendment C: A Constitutional Amendment Requiring Three-Fifths Vote for Approval of Ballot Measures Imposing Taxes or Fees or Obligating over $10 Million,,,Yes,109
Jones,Constitutional Amendment C: A Constitutional Amendment Requiring Three-Fifths Vote for Approval of Ballot Measures Imposing Taxes or Fees or Obligating over $10 Million,,,No,252
Kingsbury,Constitutional Amendment C: A Constitutional Amendment Requiring Three-Fifths Vote for Approval of Ballot Measures Imposing Taxes or Fees or Obligating over $10 Million,,,Yes,466
Kingsbury,Constitutional Amendment C: A Constitutional Amendment Requiring Three-Fifths Vote for Approval of Ballot Measures Imposing Taxes or Fees or Obligating over $10 Million,,,No,1160
Lake,Constitutional Amendment C: A Constitutional Amendment Requiring Three-Fifths Vote for Approval of Ballot Measures Imposing Taxes or Fees or Obligating over $10 Million,,,Yes,774
Lake,Constitutional Amendment C: A Constitutional Amendment Requiring Three-Fifths Vote for Approval of Ballot Measures Imposing Taxes or Fees or Obligating over $10 Million,,,No,1811
Lawrence,Constitutional Amendment C: A Constitutional Amendment Requiring Three-Fifths Vote for Approval of Ballot Measures Imposing Taxes or Fees or Obligating over $10 Million,,,Yes,2113
Lawrence,Constitutional Amendment C: A Constitutional Amendment Requiring Three-Fifths Vote for Approval of Ballot Measures Imposing Taxes or Fees or Obligating over $10 Million,,,No,4486
Lincoln,Constitutional Amendment C: A Constitutional Amendment Requiring Three-Fifths Vote for Approval of Ballot Measures Imposing Taxes or Fees or Obligating over $10 Million,,,Yes,4258
Lincoln,Constitutional Amendment C: A Constitutional Amendment Requiring Three-Fifths Vote for Approval of Ballot Measures Imposing Taxes or Fees or Obligating over $10 Million,,,No,8256
Lyman,Constitutional Amendment C: A Constitutional Amendment Requiring Three-Fifths Vote for Approval of Ballot Measures Imposing Taxes or Fees or Obligating over $10 Million,,,Yes,262
Lyman,Constitutional Amendment C: A Constitutional Amendment Requiring Three-Fifths Vote for Approval of Ballot Measures Imposing Taxes or Fees or Obligating over $10 Million,,,No,653
Marshall,Constitutional Amendment C: A Constitutional Amendment Requiring Three-Fifths Vote for Approval of Ballot Measures Imposing Taxes or Fees or Obligating over $10 Million,,,Yes,239
Marshall,Constitutional Amendment C: A Constitutional Amendment Requiring Three-Fifths Vote for Approval of Ballot Measures Imposing Taxes or Fees or Obligating over $10 Million,,,No,705
McCook,Constitutional Amendment C: A Constitutional Amendment Requiring Three-Fifths Vote for Approval of Ballot Measures Imposing Taxes or Fees or Obligating over $10 Million,,,Yes,503
McCook,Constitutional Amendment C: A Constitutional Amendment Requiring Three-Fifths Vote for Approval of Ballot Measures Imposing Taxes or Fees or Obligating over $10 Million,,,No,1088
McPherson,Constitutional Amendment C: A Constitutional Amendment Requiring Three-Fifths Vote for Approval of Ballot Measures Imposing Taxes or Fees or Obligating over $10 Million,,,Yes,365
McPherson,Constitutional Amendment C: A Constitutional Amendment Requiring Three-Fifths Vote for Approval of Ballot Measures Imposing Taxes or Fees or Obligating over $10 Million,,,No,368
Meade,Constitutional Amendment C: A Constitutional Amendment Requiring Three-Fifths Vote for Approval of Ballot Measures Imposing Taxes or Fees or Obligating over $10 Million,,,Yes,2480
Meade,Constitutional Amendment C: A Constitutional Amendment Requiring Three-Fifths Vote for Approval of Ballot Measures Imposing Taxes or Fees or Obligating over $10 Million,,,No,4575
Mellette,Constitutional Amendment C: A Constitutional Amendment Requiring Three-Fifths Vote for Approval of Ballot Measures Imposing Taxes or Fees or Obligating over $10 Million,,,Yes,123
Mellette,Constitutional Amendment C: A Constitutional Amendment Requiring Three-Fifths Vote for Approval of Ballot Measures Imposing Taxes or Fees or Obligating over $10 Million,,,No,230
Miner,Constitutional Amendment C: A Constitutional Amendment Requiring Three-Fifths Vote for Approval of Ballot Measures Imposing Taxes or Fees or Obligating over $10 Million,,,Yes,131
Miner,Constitutional Amendment C: A Constitutional Amendment Requiring Three-Fifths Vote for Approval of Ballot Measures Imposing Taxes or Fees or Obligating over $10 Million,,,No,388
Minnehaha,Constitutional Amendment C: A Constitutional Amendment Requiring Three-Fifths Vote for Approval of Ballot Measures Imposing Taxes or Fees or Obligating over $10 Million,,,Yes,10247
Minnehaha,Constitutional Amendment C: A Constitutional Amendment Requiring Three-Fifths Vote for Approval of Ballot Measures Imposing Taxes or Fees or Obligating over $10 Million,,,No,23692
Moody,Constitutional Amendment C: A Constitutional Amendment Requiring Three-Fifths Vote for Approval of Ballot Measures Imposing Taxes or Fees or Obligating over $10 Million,,,Yes,438
Moody,Constitutional Amendment C: A Constitutional Amendment Requiring Three-Fifths Vote for Approval of Ballot Measures Imposing Taxes or Fees or Obligating over $10 Million,,,No,760
Oglala Lakota,Constitutional Amendment C: A Constitutional Amendment Requiring Three-Fifths Vote for Approval of Ballot Measures Imposing Taxes or Fees or Obligating over $10 Million,,,Yes,167
Oglala Lakota,Constitutional Amendment C: A Constitutional Amendment Requiring Three-Fifths Vote for Approval of Ballot Measures Imposing Taxes or Fees or Obligating over $10 Million,,,No,451
Pennington,Constitutional Amendment C: A Constitutional Amendment Requiring Three-Fifths Vote for Approval of Ballot Measures Imposing Taxes or Fees or Obligating over $10 Million,,,Yes,8444
Pennington,Constitutional Amendment C: A Constitutional Amendment Requiring Three-Fifths Vote for Approval of Ballot Measures Imposing Taxes or Fees or Obligating over $10 Million,,,No,17038
Perkins,Constitutional Amendment C: A Constitutional Amendment Requiring Three-Fifths Vote for Approval of Ballot Measures Imposing Taxes or Fees or Obligating over $10 Million,,,Yes,356
Perkins,Constitutional Amendment C: A Constitutional Amendment Requiring Three-Fifths Vote for Approval of Ballot Measures Imposing Taxes or Fees or Obligating over $10 Million,,,No,498
Potter,Constitutional Amendment C: A Constitutional Amendment Requiring Three-Fifths Vote for Approval of Ballot Measures Imposing Taxes or Fees or Obligating over $10 Million,,,Yes,321
Potter,Constitutional Amendment C: A Constitutional Amendment Requiring Three-Fifths Vote for Approval of Ballot Measures Imposing Taxes or Fees or Obligating over $10 Million,,,No,582
Roberts,Constitutional Amendment C: A Constitutional Amendment Requiring Three-Fifths Vote for Approval of Ballot Measures Imposing Taxes or Fees or Obligating over $10 Million,,,Yes,454
Roberts,Constitutional Amendment C: A Constitutional Amendment Requiring Three-Fifths Vote for Approval of Ballot Measures Imposing Taxes or Fees or Obligating over $10 Million,,,No,1011
Sanborn,Constitutional Amendment C: A Constitutional Amendment Requiring Three-Fifths Vote for Approval of Ballot Measures Imposing Taxes or Fees or Obligating over $10 Million,,,Yes,134
Sanborn,Constitutional Amendment C: A Constitutional Amendment Requiring Three-Fifths Vote for Approval of Ballot Measures Imposing Taxes or Fees or Obligating over $10 Million,,,No,378
Spink,Constitutional Amendment C: A Constitutional Amendment Requiring Three-Fifths Vote for Approval of Ballot Measures Imposing Taxes or Fees or Obligating over $10 Million,,,Yes,524
Spink,Constitutional Amendment C: A Constitutional Amendment Requiring Three-Fifths Vote for Approval of Ballot Measures Imposing Taxes or Fees or Obligating over $10 Million,,,No,1128
Stanley,Constitutional Amendment C: A Constitutional Amendment Requiring Three-Fifths Vote for Approval of Ballot Measures Imposing Taxes or Fees or Obligating over $10 Million,,,Yes,44
Stanley,Constitutional Amendment C: A Constitutional Amendment Requiring Three-Fifths Vote for Approval of Ballot Measures Imposing Taxes or Fees or Obligating over $10 Million,,,No,143
Sully,Constitutional Amendment C: A Constitutional Amendment Requiring Three-Fifths Vote for Approval of Ballot Measures Imposing Taxes or Fees or Obligating over $10 Million,,,Yes,207
Sully,Constitutional Amendment C: A Constitutional Amendment Requiring Three-Fifths Vote for Approval of Ballot Measures Imposing Taxes or Fees or Obligating over $10 Million,,,No,355
Todd,Constitutional Amendment C: A Constitutional Amendment Requiring Three-Fifths Vote for Approval of Ballot Measures Imposing Taxes or Fees or Obligating over $10 Million,,,Yes,220
Todd,Constitutional Amendment C: A Constitutional Amendment Requiring Three-Fifths Vote for Approval of Ballot Measures Imposing Taxes or Fees or Obligating over $10 Million,,,No,573
Tripp,Constitutional Amendment C: A Constitutional Amendment Requiring Three-Fifths Vote for Approval of Ballot Measures Imposing Taxes or Fees or Obligating over $10 Million,,,Yes,471
Tripp,Constitutional Amendment C: A Constitutional Amendment Requiring Three-Fifths Vote for Approval of Ballot Measures Imposing Taxes or Fees or Obligating over $10 Million,,,No,912
Turner,Constitutional Amendment C: A Constitutional Amendment Requiring Three-Fifths Vote for Approval of Ballot Measures Imposing Taxes or Fees or Obligating over $10 Million,,,Yes,673
Turner,Constitutional Amendment C: A Constitutional Amendment Requiring Three-Fifths Vote for Approval of Ballot Measures Imposing Taxes or Fees or Obligating over $10 Million,,,No,1226
Union,Constitutional Amendment C: A Constitutional Amendment Requiring Three-Fifths Vote for Approval of Ballot Measures Imposing Taxes or Fees or Obligating over $10 Million,,,Yes,929
Union,Constitutional Amendment C: A Constitutional Amendment Requiring Three-Fifths Vote for Approval of Ballot Measures Imposing Taxes or Fees or Obligating over $10 Million,,,No,1340
Walworth,Constitutional Amendment C: A Constitutional Amendment Requiring Three-Fifths Vote for Approval of Ballot Measures Imposing Taxes or Fees or Obligating over $10 Million,,,Yes,561
Walworth,Constitutional Amendment C: A Constitutional Amendment Requiring Three-Fifths Vote for Approval of Ballot Measures Imposing Taxes or Fees or Obligating over $10 Million,,,No,912
Yankton,Constitutional Amendment C: A Constitutional Amendment Requiring Three-Fifths Vote for Approval of Ballot Measures Imposing Taxes or Fees or Obligating over $10 Million,,,Yes,1403
Yankton,Constitutional Amendment C: A Constitutional Amendment Requiring Three-Fifths Vote for Approval of Ballot Measures Imposing Taxes or Fees or Obligating over $10 Million,,,No,3525
Ziebach,Constitutional Amendment C: A Constitutional Amendment Requiring Three-Fifths Vote for Approval of Ballot Measures Imposing Taxes or Fees or Obligating over $10 Million,,,Yes,106
Ziebach,Constitutional Amendment C: A Constitutional Amendment Requiring Three-Fifths Vote for Approval of Ballot Measures Imposing Taxes or Fees or Obligating over $10 Million,,,No,157
